hPossesion,aPossesion,hshotsOnTarget,ashotsOnTarget,hshots,ashots,hfouls,afouls,hsaves,asaves,label
24,76,2,4,14,17,11,13,2,1,2
80,20,3,1,5,2,1,3,0,1,1
57,43,4,2,12,11,10,12,1,2,1
47,53,5,3,13,11,7,10,1,3,0
72,28,5,4,21,6,8,13,4,5,0
65,35,4,3,18,9,10,8,1,2,0
39,61,2,2,9,10,22,14,1,1,0
57,43,1,4,6,9,17,14,4,0,1
47,53,5,4,16,8,18,14,4,3,1
39,61,3,6,11,24,9,13,6,1,1
58,42,3,0,19,1,10,13,0,3,0
46,54,2,6,9,13,13,13,5,2,2
43,57,4,4,17,11,10,8,2,3,2
39,61,3,4,6,11,11,12,4,3,0
49,51,4,2,12,8,14,24,2,3,1
58,42,3,1,12,5,20,14,1,1,1
63,37,2,4,4,6,13,13,2,1,2
34,66,5,3,12,6,11,7,2,3,1
62,38,2,0,15,7,7,12,0,2,0
48,52,5,4,13,14,10,7,3,4,0
48,52,3,3,11,13,13,13,3,1,1
53,47,3,4,9,12,24,10,2,1,0
54,46,2,0,9,2,12,13,0,1,1
57,43,4,5,16,9,15,14,5,2,1
59,41,5,1,13,7,21,14,0,3,1
37,63,4,3,11,7,15,15,2,2,1
53,47,4,2,16,12,11,12,0,3,0
37,63,6,4,10,18,13,12,1,4,2
73,27,15,2,20,10,9,11,2,11,1
76,24,9,0,23,0,7,7,0,7,1
29,71,5,4,10,16,18,5,3,4,0
75,25,5,0,19,1,12,9,0,2,1
54,46,3,2,9,8,17,21,2,2,1
53,47,2,3,9,9,22,20,1,2,2
51,49,3,1,10,12,18,12,1,3,0
37,63,3,5,11,12,16,17,5,1,1
48,52,2,9,7,19,12,12,6,2,2
52,48,5,2,9,5,17,18,2,1,1
67,33,4,1,13,6,12,10,1,2,1
66,34,8,1,20,9,14,17,0,6,1
41,59,4,6,8,15,18,14,3,3,2
50,50,10,5,18,15,10,11,5,6,1
50,50,7,4,19,11,15,20,3,4,1
77,23,3,1,18,9,7,13,1,3,0
58,42,2,4,13,9,17,22,3,2,2
46,54,1,3,9,11,10,15,1,1,2
42,58,7,4,11,12,20,16,2,6,2
72,28,7,4,18,15,9,12,3,4,1
48,52,9,1,15,6,12,13,1,5,1
29,71,3,1,15,6,21,18,1,3,0
48,52,5,2,8,14,18,17,2,4,1
55,45,4,2,11,9,15,10,2,2,1
48,52,8,4,9,11,15,8,4,2,1
60,40,6,1,11,7,20,17,0,5,0
48,52,1,4,6,12,11,20,3,1,2
53,47,4,3,19,7,14,10,2,3,0
55,45,9,2,15,11,9,6,2,7,1
51,49,4,2,17,9,6,17,2,4,0
73,27,4,0,17,5,8,21,0,1,1
74,26,1,2,10,7,13,21,1,0,0
73,27,7,3,17,7,11,19,1,5,0
47,53,6,5,18,13,11,9,4,4,1
61,39,2,2,14,9,10,18,0,2,2
49,51,2,3,13,16,15,13,1,1,2
58,42,4,5,11,12,14,18,5,3,1
54,46,6,4,11,9,14,17,3,5,0
53,47,6,6,15,13,17,12,6,5,0
60,40,8,4,16,9,14,14,4,6,1
42,58,8,2,15,9,16,11,2,4,1
68,32,8,4,24,8,13,12,3,5,1
51,49,4,6,6,11,17,16,5,3,0
46,54,5,7,15,16,15,13,5,3,1
55,45,6,2,15,5,3,16,1,4,1
39,61,5,5,11,15,11,18,4,4,1
73,27,14,2,26,4,4,12,1,9,1
24,76,0,16,0,44,12,11,5,0,2
35,65,0,13,0,23,10,13,6,0,2
62,38,13,1,16,7,17,15,1,9,1
48,52,2,4,6,5,16,16,3,2,2
53,47,8,3,13,8,12,23,2,6,1
59,41,1,2,7,8,14,13,2,1,0
58,42,9,1,18,4,11,19,1,5,1
74,26,13,3,36,6,12,7,3,10,1
57,43,4,5,13,9,24,19,8,4,1
42,58,0,1,1,4,3,0,1,0,0
50,50,7,6,12,13,15,12,4,5,2
67,33,10,2,13,12,18,14,7,9,1
60,40,10,3,16,6,10,19,2,13,1
36,64,5,1,6,1,5,2,1,2,1
48,52,7,6,10,10,16,10,11,5,1
61,39,9,1,14,6,11,18,1,10,1
49,51,3,7,5,12,11,8,6,4,1
48,52,2,4,6,8,12,8,5,1,2
44,56,0,7,1,15,15,26,8,0,2
52,48,2,7,6,14,11,10,6,2,1
48,52,8,7,18,14,12,12,8,7,2
61,39,0,11,8,18,10,8,6,0,2
65,35,9,0,17,2,2,9,1,7,1
54,46,6,3,13,8,16,15,4,5,1
34,66,6,2,13,6,7,9,3,3,0
51,49,7,9,11,21,7,5,5,3,0
54,46,3,3,8,5,18,17,4,4,2
52,48,2,2,7,7,14,14,2,2,2
45,55,4,1,9,7,7,8,1,5,0
34,66,8,2,12,3,4,8,3,6,1
39,61,4,8,7,9,14,17,5,2,2
42,58,17,2,25,5,7,7,1,10,1
63,37,9,5,15,7,3,9,3,5,1
53,47,3,8,8,17,7,14,6,2,0
67,33,6,3,15,5,12,16,1,5,1
59,41,10,4,22,6,11,10,3,12,1
46,54,2,2,6,10,23,18,3,2,0
61,39,1,0,1,0,8,12,2,2,0
52,48,2,8,4,16,11,4,8,2,2
55,45,5,5,14,11,5,14,7,7,1
58,42,8,2,18,6,12,5,2,7,1
52,48,3,4,5,12,19,19,5,5,1
45,55,6,3,11,9,21,14,3,6,2
40,60,4,4,4,10,15,17,5,4,2
45,55,3,4,4,8,12,5,0,5,2
70,30,11,3,26,5,4,10,2,7,1
51,49,8,0,15,0,9,13,0,8,1
55,45,4,4,10,7,15,19,3,7,1
65,35,8,7,11,9,10,9,7,7,1
32,68,3,9,6,15,15,13,7,2,2
57,43,10,3,13,4,11,11,2,7,1
52,48,3,4,6,6,1,1,5,2,2
47,53,2,2,11,7,12,7,2,2,1
50,50,9,1,22,1,8,23,1,11,1
44,56,4,7,6,11,10,12,7,4,2
56,44,6,2,10,7,20,19,5,9,2
66,34,4,1,7,3,11,7,2,6,1
45,55,4,4,7,8,9,11,2,6,0
52,48,2,1,6,4,6,12,3,2,1
49,51,2,3,4,6,17,19,3,2,2
55,45,3,2,8,4,14,12,1,4,1
49,51,1,2,3,5,11,14,3,3,1
40,60,6,6,8,10,14,10,5,4,2
44,56,0,5,2,10,11,22,5,0,0
59,41,4,4,11,7,12,16,3,3,1
53,47,7,1,10,2,10,15,2,8,1
56,44,5,0,13,4,8,15,1,6,1
52,48,10,4,12,7,9,7,2,11,2
42,58,0,10,4,16,7,9,9,0,2
52,48,4,3,10,6,12,13,3,2,0
50,50,0,5,2,12,16,9,6,0,2
62,38,5,1,11,2,6,12,3,7,1
84,16,7,1,21,2,5,9,0,9,1
50,50,5,6,10,16,14,5,4,3,2
24,76,3,8,3,21,12,14,5,2,2
63,37,7,2,14,4,9,16,1,6,1
49,51,1,4,13,10,12,10,6,2,1
40,60,2,6,3,13,20,5,3,3,2
40,60,2,1,6,6,14,24,2,2,2
57,43,7,2,13,4,7,7,4,8,0
53,47,6,1,11,2,9,5,1,6,0
67,33,3,4,11,5,13,12,6,5,1
42,58,5,6,10,12,12,12,7,5,2
69,31,14,5,19,5,11,8,4,12,1
50,50,3,1,10,3,13,15,1,5,2
54,46,5,8,12,14,8,7,5,7,2
50,50,2,3,10,14,19,22,5,6,1
53,47,4,5,6,9,14,8,5,5,1
51,49,7,3,14,9,12,10,3,5,0
60,40,5,0,13,3,1,5,0,4,1
61,39,4,1,8,2,13,4,2,5,1
54,46,7,4,16,14,17,16,4,7,2
50,50,5,12,10,15,15,11,8,2,2
54,46,2,2,7,7,10,10,5,2,1
64,36,14,1,25,4,11,7,1,10,1
47,53,4,4,7,8,20,13,5,4,0
60,40,7,4,15,5,4,10,3,6,0
33,67,8,6,16,11,16,6,4,7,2
57,43,8,3,13,8,10,17,3,10,1
45,55,2,3,5,7,12,11,6,2,2
53,47,3,3,9,9,5,13,4,2,0
58,42,3,2,9,5,14,15,3,6,0
53,47,6,5,13,7,16,16,4,8,1
60,40,3,2,5,5,3,8,2,2,1
48,52,5,7,11,13,8,5,4,5,2
53,47,8,2,16,5,17,17,5,7,0
68,32,5,3,10,4,4,10,2,5,1
72,28,5,1,10,6,10,10,1,7,0
48,52,2,6,6,11,14,16,3,1,2
63,37,3,6,8,10,9,14,10,3,1
50,50,3,5,5,9,8,12,6,4,2
38,62,0,2,1,7,7,6,2,0,2
50,50,4,8,8,15,14,18,8,6,2
52,48,1,3,4,6,10,12,2,5,1
53,47,3,3,7,6,6,12,5,2,0
50,50,3,0,10,1,11,11,2,3,1
50,50,1,2,4,7,12,6,2,1,2
38,62,2,6,7,11,18,8,5,2,2
53,47,1,5,1,12,11,7,4,0,2
50,50,1,2,6,10,7,14,2,4,0
52,48,3,4,7,11,9,9,5,4,1
42,58,2,2,15,8,19,15,3,5,2
65,35,7,2,15,5,26,7,2,7,0
70,30,9,2,19,2,5,10,3,13,1
62,38,3,3,5,6,15,18,4,5,1
50,50,1,7,6,16,6,7,9,2,2
42,58,2,9,9,18,13,6,4,2,2
43,57,3,9,5,20,7,11,4,2,2
51,49,5,4,9,9,12,20,3,7,0
50,50,6,1,15,3,11,9,2,6,0
50,50,7,3,14,5,7,18,2,6,1
53,47,1,1,10,7,7,11,1,2,2
39,61,0,5,2,9,6,5,6,0,2
50,50,7,0,11,2,7,7,0,3,1
59,41,5,4,15,5,9,16,6,6,1
50,50,2,2,6,5,17,11,2,3,1
54,46,5,1,8,4,22,14,2,5,1
64,36,4,0,20,1,10,13,1,9,1
52,48,6,1,16,4,8,9,1,8,1
38,62,3,4,4,8,11,7,3,3,2
37,63,1,7,3,14,10,16,10,1,2
67,33,13,1,16,4,8,11,0,5,1
59,41,5,1,15,3,6,10,1,5,1
51,49,3,4,5,7,9,11,5,1,1
33,67,5,5,14,7,13,13,3,6,2
54,46,2,1,6,3,12,10,2,5,0
58,42,5,1,13,3,9,16,1,5,1
65,35,6,2,15,4,3,15,1,7,1
51,49,7,2,12,6,16,6,2,5,0
57,43,4,7,10,10,6,2,4,2,1
50,50,7,3,14,7,16,9,2,3,0
60,40,4,3,9,6,9,15,3,5,1
52,48,1,5,4,10,10,11,5,5,0
70,30,17,0,30,2,10,14,0,12,1
37,63,5,8,8,13,11,12,7,6,1
50,50,2,2,4,3,18,10,4,1,0
60,40,3,2,5,3,7,7,3,4,1
50,50,3,7,8,14,14,11,11,3,2
42,58,2,6,3,13,10,13,7,5,0
53,47,1,1,8,3,18,16,1,1,2
50,50,5,2,9,8,20,6,2,5,2
47,53,3,2,8,6,8,23,2,4,2
69,31,3,3,9,12,10,12,6,5,2
30,70,2,4,5,10,14,4,4,2,2
50,50,2,1,2,8,14,13,1,2,0
41,59,2,3,4,10,11,12,4,2,0
49,51,10,1,12,4,13,8,2,8,1
45,55,5,7,10,14,11,10,7,6,2
73,27,3,2,14,3,13,7,3,2,1
50,50,2,1,5,8,18,14,2,3,2
55,45,5,5,14,8,7,13,9,8,2
54,46,10,4,18,12,9,8,3,9,0
55,45,2,3,5,5,3,5,3,3,0
30,70,3,6,5,9,9,9,2,1,2
56,44,10,2,17,4,7,15,1,7,1
49,51,2,3,11,7,13,17,4,2,1
86,14,16,0,29,1,7,8,0,12,1
37,63,0,3,6,7,1,2,3,0,2
56,44,5,0,15,2,6,13,1,7,1
50,50,1,3,5,8,15,9,6,1,1
60,40,6,3,9,7,4,15,7,6,1
33,67,1,4,3,13,19,12,5,2,2
50,50,7,2,11,11,17,15,4,6,1
62,38,3,3,6,8,10,11,5,4,1
76,24,18,3,27,6,9,8,6,15,1
50,50,2,7,7,14,10,18,8,2,2
50,50,3,1,7,6,11,14,2,5,0
64,36,7,2,12,11,12,9,3,6,2
45,55,0,1,2,4,10,4,1,0,2
45,55,5,4,10,7,10,12,5,6,2
50,50,0,4,7,7,13,16,6,1,1
50,50,6,3,14,15,12,9,5,8,2
55,45,2,2,4,8,16,14,1,6,1
50,50,2,4,2,11,10,9,6,2,2
50,50,4,1,17,8,16,8,3,6,2
65,35,9,0,14,1,5,6,0,9,1
50,50,3,7,7,8,12,11,9,4,1
62,38,5,2,16,4,14,9,4,4,1
47,53,5,1,10,2,3,7,3,6,0
51,49,5,3,7,12,5,21,6,2,1
50,50,4,2,8,6,4,10,4,5,0
68,32,10,3,20,5,10,10,5,15,0
46,54,6,2,12,8,9,6,3,4,0
60,40,1,0,12,2,6,9,0,5,1
57,43,8,3,21,7,8,13,3,8,0
45,55,0,1,2,9,6,3,2,0,0
74,26,9,0,18,0,8,3,0,3,1
46,54,5,4,9,10,21,28,4,3,1
51,49,5,3,19,8,13,14,1,4,2
24,76,2,6,7,23,9,6,3,2,2
54,46,2,2,14,9,13,9,1,2,2
28,72,2,6,7,14,17,13,4,2,2
54,46,7,4,16,16,16,22,3,6,0
61,39,4,3,23,9,27,15,2,3,0
43,57,4,5,9,10,17,8,5,4,0
70,30,15,2,27,3,8,12,2,9,1
51,49,3,7,10,16,13,19,4,3,2
44,56,3,7,15,14,14,25,5,1,0
40,60,4,5,9,9,23,8,4,4,2
79,21,5,2,12,5,3,11,2,2,1
54,46,8,1,10,7,18,24,0,5,1
38,62,6,7,17,15,12,15,5,6,2
58,42,7,8,18,14,16,30,5,6,2
81,19,4,1,29,5,7,10,0,3,0
59,41,3,0,9,4,13,13,0,3,0
61,39,8,3,16,9,9,6,2,5,1
17,83,0,12,2,27,11,8,5,0,2
34,66,1,5,10,11,15,16,3,0,2
38,62,3,3,7,17,12,14,3,3,0
43,57,5,7,13,13,11,11,4,5,2
30,70,0,6,0,20,14,6,7,0,2
76,24,2,0,12,6,16,9,0,0,1
66,34,6,4,18,8,11,24,5,9,0
60,40,8,1,21,4,12,18,0,6,1
70,30,6,4,17,11,10,10,3,5,0
85,15,1,2,3,3,12,8,3,2,1
53,47,7,1,21,5,13,15,1,5,1
64,36,4,1,25,7,10,5,1,3,1
80,20,12,1,28,4,6,9,0,8,1
21,79,2,4,8,15,18,9,2,2,2
60,40,2,4,11,6,13,11,2,2,2
77,23,12,1,30,3,10,21,1,7,1
37,63,4,3,12,11,24,19,1,2,0
39,61,3,6,9,19,8,14,4,2,2
25,75,2,3,14,10,22,8,2,2,2
45,55,5,5,19,14,16,11,4,4,0
74,26,4,2,18,3,11,18,1,4,2
68,32,3,3,13,14,20,24,2,2,0
50,50,3,3,17,21,15,13,3,2,1
27,73,0,12,1,35,12,7,7,0,2
54,46,2,3,5,4,14,13,2,2,2
37,63,5,5,9,18,10,5,4,4,0
65,35,2,1,19,5,16,7,0,2,2
38,62,2,5,8,21,13,15,4,1,0
48,52,4,8,11,18,16,17,4,4,2
52,48,5,4,19,10,13,10,3,3,1
44,56,5,7,10,14,19,13,6,3,1
45,55,6,0,18,5,15,8,0,6,0
64,36,9,0,16,2,7,10,0,6,1
43,57,5,8,13,12,8,16,4,3,2
46,54,4,3,16,7,11,13,3,3,1
71,29,10,2,23,3,18,19,2,9,1
68,32,1,5,19,9,10,12,4,0,0
67,33,7,2,24,3,12,10,2,5,1
64,36,5,9,21,13,11,16,5,5,2
38,62,4,0,12,11,9,7,0,3,1
58,42,7,2,12,10,11,11,1,5,1
62,38,7,3,16,13,13,11,2,3,1
61,39,4,4,21,10,15,18,2,3,2
43,57,4,1,10,8,13,10,0,2,1
55,45,6,1,16,2,11,9,1,4,1
29,71,3,4,9,8,7,14,3,2,2
46,54,6,2,17,10,18,14,2,3,1
80,20,11,0,25,3,6,16,0,6,1
84,16,20,0,35,4,8,19,0,11,1
53,47,5,2,11,10,14,12,1,3,1
61,39,1,3,18,14,8,12,2,1,2
29,71,2,5,6,22,10,16,5,2,0
27,73,4,9,6,18,10,12,7,2,0
32,68,1,4,7,14,4,5,2,1,2
49,51,2,6,8,18,9,8,6,1,1
58,42,7,6,25,13,10,12,2,3,0
65,35,10,3,17,10,8,19,3,7,1
53,47,6,3,12,15,3,16,3,5,1
50,50,1,8,3,19,20,11,7,1,2
40,60,3,10,5,19,13,8,6,1,2
65,35,5,3,15,8,14,16,2,4,0
57,43,3,3,14,11,17,7,1,2,2
55,45,4,1,14,2,22,18,0,3,0
68,32,10,0,25,5,12,11,0,6,1
42,58,0,7,6,12,6,13,5,0,2
66,34,5,1,16,11,14,14,0,4,0
69,31,4,2,17,6,15,11,1,1,1
69,31,5,2,12,5,16,13,2,3,1
38,62,2,5,11,13,9,19,4,2,2
42,58,2,8,6,20,11,7,7,2,2
45,55,3,2,14,10,7,18,1,3,2
42,58,2,5,7,14,14,9,3,2,2
32,68,2,4,10,15,12,21,2,1,2
55,45,3,6,18,10,19,12,4,3,2
42,58,7,3,20,15,11,11,1,4,1
42,58,3,4,13,19,15,16,2,2,2
19,81,2,8,7,23,20,15,6,2,2
58,42,2,6,5,15,24,24,4,2,2
53,47,7,2,17,11,13,14,1,3,1
52,48,4,4,9,13,15,6,2,3,2
55,45,7,0,21,9,11,12,0,6,1
24,76,3,11,6,31,11,8,8,3,2
58,42,7,2,19,7,16,13,2,6,1
69,31,7,3,20,7,10,21,2,5,1
21,79,2,10,4,19,14,20,5,1,2
53,47,1,2,7,8,16,14,2,1,0
50,50,3,7,8,14,8,10,4,3,2
36,64,2,7,4,17,12,5,3,0,2
52,48,8,2,11,9,13,17,1,6,1
56,44,6,4,20,7,16,14,3,4,1
51,49,10,2,16,9,12,6,2,8,1
46,54,4,8,10,22,7,12,8,2,1
58,42,6,5,14,8,10,17,3,5,2
72,28,8,3,25,6,16,12,3,5,1
45,55,5,2,9,12,9,14,1,4,0
26,74,2,7,4,13,11,10,3,1,2
62,38,13,1,30,2,13,3,0,9,1
55,45,3,4,8,13,13,20,4,2,1
56,44,4,4,13,12,15,7,2,2,0
48,52,5,4,16,10,14,19,2,4,2
22,78,0,8,5,17,14,6,4,0,2
35,65,4,5,8,12,12,11,3,4,2
40,60,1,4,4,14,7,10,0,1,2
74,26,10,4,23,13,13,11,3,2,1
75,25,11,5,28,12,6,12,5,8,1
44,56,4,0,14,4,25,21,0,4,1
54,46,10,0,21,2,9,17,0,8,1
48,52,5,1,10,14,12,13,1,2,1
48,52,9,4,19,12,15,15,3,7,1
50,50,5,4,10,14,11,11,4,4,1
61,39,12,2,27,10,8,12,1,9,1
63,37,7,2,19,4,14,8,1,6,0
76,24,3,2,12,4,6,19,1,1,1
44,56,1,4,4,18,7,14,4,1,0
37,63,2,8,8,20,13,13,7,1,0
65,35,5,1,18,5,10,14,1,3,1
54,46,4,2,8,7,9,10,1,3,0
32,68,2,7,9,19,21,13,6,2,2
70,30,10,2,21,7,14,18,2,7,1
77,23,8,1,20,5,16,13,1,7,1
61,39,4,3,13,12,13,4,2,3,0
59,41,5,2,12,6,12,11,2,3,1
66,34,6,6,14,15,15,18,6,5,1
51,49,3,7,17,14,9,15,5,3,2
48,52,5,2,10,10,19,15,0,3,0
53,47,4,2,11,5,17,16,1,4,2
72,28,15,3,27,4,10,16,3,9,1
66,34,8,1,17,4,14,23,0,4,1
33,67,3,5,16,16,14,14,2,3,2
62,38,10,4,24,14,13,13,2,8,0
63,37,6,2,16,9,11,12,1,4,1
26,74,5,6,7,17,10,12,1,2,2
55,45,8,3,29,7,11,6,2,7,0
61,39,9,2,23,9,7,7,2,7,1
62,38,9,2,22,6,12,8,2,7,1
58,42,5,7,14,17,20,21,2,3,2
22,78,1,12,3,25,20,12,4,1,2
42,58,4,3,10,16,18,12,3,2,1
75,25,10,4,26,5,11,10,4,8,1
31,69,0,6,4,14,18,16,6,0,0
45,55,5,1,10,7,9,20,0,2,1
68,32,3,2,19,6,12,13,2,2,1
41,59,4,6,11,14,23,19,6,2,1
67,33,3,3,11,4,13,13,2,3,0
50,50,8,1,19,7,16,21,1,6,1
62,38,5,5,9,17,13,14,2,3,2
68,32,9,2,24,9,23,21,2,6,1
79,21,9,1,20,1,7,15,1,8,1
39,61,3,5,6,16,26,5,3,1,0
27,73,5,13,13,27,13,8,11,3,0
17,83,0,6,2,19,19,7,5,0,2
36,64,0,5,1,20,13,12,4,0,2
65,35,1,3,17,7,9,10,3,1,0
31,69,1,7,6,19,13,8,2,0,2
26,74,0,8,4,21,14,5,5,0,2
55,45,3,2,15,10,19,14,1,2,0
48,52,4,5,18,11,13,18,3,3,2
58,42,4,3,17,6,19,13,2,3,0
44,56,3,4,11,15,19,7,3,2,0
58,42,5,5,14,10,15,12,2,4,2
70,30,7,5,16,8,15,14,3,5,0
73,27,14,0,28,1,8,10,0,6,1
67,33,5,4,13,12,16,12,3,4,0
57,43,7,0,13,3,6,16,0,3,1
63,37,2,3,10,5,23,21,2,0,1
35,65,4,4,8,7,21,27,3,4,2
31,69,0,9,3,24,17,9,9,0,0
62,38,12,2,19,8,7,11,2,7,1
62,38,5,4,14,14,16,17,1,1,1
40,60,1,10,10,24,12,15,7,1,2
38,62,2,3,13,13,10,14,3,2,0
32,68,2,9,8,25,14,6,6,1,2
30,70,3,9,8,24,9,10,8,2,0
47,53,5,2,8,27,15,10,2,3,1
62,38,6,3,15,7,12,15,2,4,0
61,39,10,3,20,5,10,19,1,7,1
36,64,1,3,7,13,17,15,2,0,0
38,62,5,8,11,17,10,9,2,5,2
33,67,0,6,5,19,21,17,5,0,2
47,53,1,6,9,13,20,14,3,1,2
54,46,7,3,16,6,6,20,1,6,2
43,57,3,2,10,11,11,11,2,2,1
40,60,6,7,14,15,12,14,5,4,0
50,50,6,2,10,14,4,8,2,3,1
56,44,9,1,22,4,6,9,1,5,1
67,33,5,1,12,4,11,7,0,1,1
48,52,4,1,10,10,20,16,1,2,1
47,53,3,6,14,10,9,11,3,1,2
53,47,3,5,14,11,4,16,3,3,2
35,65,1,10,6,28,17,14,9,1,2
68,32,7,1,27,7,9,11,0,3,1
83,17,15,1,40,3,15,19,1,9,1
29,71,3,10,10,21,8,8,5,3,2
29,71,1,5,8,15,5,18,5,0,1
80,20,10,1,20,1,7,9,1,8,1
46,54,7,0,12,9,15,13,0,2,1
66,34,9,1,18,9,9,13,1,6,1
74,26,15,0,35,3,21,8,0,11,1
38,62,6,2,12,10,14,11,1,3,1
61,39,3,3,19,7,21,19,2,2,0
49,51,2,1,7,6,15,14,1,1,1
36,64,0,5,3,10,19,10,4,0,2
69,31,5,4,21,5,10,20,3,3,1
64,36,8,1,15,9,8,8,1,5,1
51,49,5,4,13,17,7,13,3,4,0
23,77,0,6,1,13,16,8,4,0,2
45,55,6,2,19,11,21,13,2,5,1
51,49,2,7,7,16,21,14,4,1,2
34,66,6,9,13,19,13,13,6,4,2
43,57,7,7,13,13,15,6,5,4,1
18,82,2,6,5,15,15,12,4,1,2
68,32,9,1,22,3,20,15,0,8,0
62,38,11,2,26,3,18,12,2,9,1
52,48,6,3,16,11,15,3,1,6,2
32,68,0,11,3,23,17,14,5,0,2
30,70,1,11,5,31,5,6,5,1,2
36,64,4,5,9,13,22,5,3,4,2
50,50,2,5,9,15,7,5,4,2,2
55,45,8,0,20,4,14,9,0,5,1
56,44,0,3,7,10,21,7,3,0,0
65,35,5,1,17,9,12,7,1,5,0
69,31,7,2,23,7,10,5,1,7,2
75,25,5,2,25,4,3,3,2,3,1
65,35,6,0,12,5,17,12,0,4,1
80,20,8,1,33,1,12,7,0,5,1
72,28,11,2,32,5,10,12,1,10,1
47,53,7,4,10,10,18,12,4,4,1
33,67,3,3,13,12,15,11,3,3,0
61,39,7,10,13,19,17,17,8,4,1
38,62,4,2,12,17,17,14,1,2,1
54,46,7,2,20,4,9,7,1,4,1
68,32,3,2,9,12,12,19,2,0,1
69,31,7,1,20,6,7,10,0,5,1
33,67,1,7,7,19,16,10,6,1,2
39,61,7,1,10,8,11,7,1,3,1
45,55,2,5,8,14,16,9,4,2,2
15,85,0,19,0,40,11,5,12,0,2
55,45,7,1,16,4,8,13,1,4,1
65,35,6,2,17,8,19,16,1,6,2
63,37,6,0,15,8,11,13,0,4,1
62,38,2,3,7,8,24,20,2,1,0
70,30,8,1,13,7,9,7,1,6,1
47,53,3,11,9,21,10,13,8,3,2
36,64,0,16,6,27,6,3,12,0,2
79,21,7,2,19,8,8,11,2,4,1
62,38,3,3,16,9,7,6,3,2,1
50,50,2,3,7,8,16,13,2,1,0
38,62,5,2,9,16,15,15,2,5,1
67,33,6,3,16,7,16,15,2,3,1
80,20,9,1,26,3,11,14,1,5,1
35,65,3,8,8,17,18,10,5,2,2
66,34,9,3,28,5,12,15,3,7,1
69,31,9,2,21,5,7,10,1,2,1
47,53,5,4,8,11,13,18,3,4,0
75,25,9,2,25,6,7,23,1,5,1
49,51,4,3,11,10,16,15,0,3,2
45,55,2,1,9,8,8,21,1,0,1
63,37,7,0,19,6,14,13,0,5,1
45,55,4,5,13,10,16,14,5,3,1
58,42,5,1,16,11,14,15,1,3,1
59,41,4,6,11,11,17,12,4,3,2
23,77,0,6,6,19,16,7,3,0,2
42,58,1,2,13,8,12,11,2,1,0
76,24,6,3,16,8,8,13,2,2,1
32,68,1,3,9,11,19,14,3,1,0
79,21,8,1,31,2,9,6,1,3,1
60,40,2,3,14,10,9,12,3,2,0
60,40,7,1,16,5,9,13,1,3,1
71,29,5,1,17,2,19,15,0,4,0
57,43,5,1,15,6,13,12,1,2,1
51,49,3,1,14,8,14,19,1,1,1
37,63,1,6,5,20,9,11,2,0,2
72,28,9,2,21,4,9,14,2,7,1
16,84,2,10,3,22,9,6,4,2,2
33,67,2,4,5,10,17,23,1,1,2
35,65,2,5,11,8,16,10,3,1,2
43,57,3,4,10,7,6,12,4,1,1
40,60,2,2,10,15,12,14,2,2,0
61,39,6,1,16,4,13,15,1,5,1
26,74,5,7,8,13,23,20,7,4,1
34,66,4,6,9,19,24,9,5,2,1
51,49,6,0,13,10,18,11,0,6,0
24,76,0,10,3,27,8,7,8,0,2
28,72,0,5,3,22,12,4,3,0,2
33,67,4,3,13,9,14,6,2,3,2
30,70,1,9,5,20,9,13,6,1,2
69,31,10,4,17,9,12,19,4,5,1
44,56,3,6,7,15,7,12,5,1,1
67,33,2,2,9,6,12,9,1,2,2
47,53,2,6,18,15,12,10,3,1,2
39,61,3,9,8,16,7,9,7,1,0
72,28,8,1,23,3,9,13,1,6,1
83,17,9,0,27,0,9,17,0,2,1
43,57,3,2,12,9,13,11,0,2,2
38,62,5,8,13,14,15,14,7,1,1
52,48,6,4,20,11,7,15,3,5,0
58,42,4,2,9,11,11,10,1,1,1
52,48,1,6,9,12,12,13,4,0,2
36,64,5,7,8,22,22,12,5,3,0
54,46,2,3,15,10,13,9,2,1,0
41,59,2,1,10,8,8,12,1,1,1
58,42,7,5,18,7,9,9,2,7,2
71,29,13,0,37,4,12,6,0,8,1
41,59,1,5,5,8,19,16,1,0,2
23,77,1,6,5,19,18,18,4,0,2
57,43,1,2,16,8,12,14,1,0,0
78,22,20,1,38,4,3,12,1,11,1
41,59,6,8,8,12,13,12,6,3,1
47,53,4,6,15,9,15,12,4,1,1
61,39,12,1,20,5,10,12,1,8,1
67,33,4,0,10,1,6,15,0,4,0
58,42,7,3,22,6,8,20,2,4,1
41,59,3,3,10,14,15,16,3,2,1
76,24,11,4,25,6,6,8,3,6,1
75,25,10,1,30,6,15,14,1,7,1
58,42,3,6,17,11,19,10,3,3,2
24,76,5,5,17,11,19,9,3,4,2
50,50,6,1,14,11,12,9,1,2,1
44,56,3,7,8,23,15,16,4,3,2
27,73,0,8,4,15,11,12,4,0,2
51,49,2,2,13,9,8,13,2,1,1
62,38,6,1,27,8,11,16,1,5,1
22,78,0,9,1,31,14,10,6,0,2
65,35,6,0,16,6,12,16,0,6,1
68,32,5,0,14,2,14,12,0,3,1
44,56,6,3,11,15,17,20,3,5,1
74,26,1,6,12,11,10,14,5,0,0
59,41,9,4,20,6,8,18,4,6,1
67,33,5,3,7,9,10,7,2,5,2
55,45,4,4,12,8,14,10,4,1,1
52,48,6,1,15,3,7,7,1,4,1
48,52,3,1,16,10,14,22,1,2,1
70,30,2,0,13,7,6,15,0,1,1
44,56,2,6,8,15,15,15,1,2,2
57,43,2,1,8,4,21,9,1,1,1
76,24,9,1,34,3,8,13,1,9,0
34,66,3,5,7,10,7,16,3,2,2
27,73,1,4,8,24,14,7,3,1,2
32,68,1,7,4,22,20,12,4,1,2
44,56,3,7,7,14,7,12,3,2,2
79,21,8,1,22,4,9,11,0,4,1
46,54,10,2,23,5,15,9,1,8,1
74,26,10,1,28,8,4,8,1,4,1
47,53,4,1,17,10,9,18,1,3,1
23,77,2,1,5,11,6,8,1,0,1
60,40,5,1,20,8,7,19,1,2,1
70,30,10,1,25,5,12,5,1,8,1
57,43,10,3,22,6,15,23,3,6,1
59,41,3,4,19,10,9,12,3,2,0
37,63,3,5,11,13,10,9,5,1,1
71,29,6,2,26,6,8,7,2,5,1
49,51,2,2,12,10,11,14,1,2,2
20,80,1,13,1,28,7,8,6,1,2
28,72,2,8,6,28,11,9,6,2,2
57,43,9,2,21,5,13,23,1,8,0
49,51,3,3,17,8,19,15,2,3,2
47,53,2,3,8,12,9,12,3,1,1
46,54,2,10,9,14,16,10,4,1,2
47,53,3,13,4,28,7,21,11,2,2
67,33,5,1,17,5,11,17,1,4,1
43,57,3,4,4,15,11,17,3,2,0
48,52,1,5,11,9,15,14,4,1,2
26,74,3,6,8,12,6,9,3,2,2
62,38,8,5,18,12,17,16,4,5,1
24,76,0,18,1,26,13,11,10,0,2
50,50,7,2,20,10,12,13,2,7,1
58,42,1,3,6,10,8,10,2,1,2
52,48,8,4,21,8,16,8,2,5,1
60,40,5,2,20,11,9,11,1,4,0
57,43,3,3,9,7,12,12,2,2,0
32,68,3,8,7,14,14,14,7,3,2
30,70,0,9,5,17,15,11,8,0,2
43,57,3,3,14,10,9,12,3,1,1
64,36,6,2,28,14,16,15,2,3,1
75,25,2,8,9,16,14,9,5,2,2
35,65,6,11,15,22,15,11,7,3,2
61,39,2,4,17,13,10,20,4,2,0
49,51,1,7,6,16,10,13,1,1,2
59,41,14,2,22,5,12,9,2,6,1
20,80,0,6,1,20,23,9,4,0,2
41,59,5,9,14,23,14,12,6,4,2
46,54,2,2,7,10,19,16,1,2,2
62,38,4,6,8,12,12,16,4,3,2
66,34,11,6,26,9,5,10,4,6,1
66,34,2,2,14,8,12,15,1,1,0
58,42,4,7,12,17,19,13,6,3,0
29,71,2,4,9,20,8,9,3,2,2
54,46,4,3,10,10,8,10,1,1,1
72,28,7,0,16,2,15,16,0,4,1
67,33,8,5,20,13,18,7,3,6,0
77,23,14,1,33,4,15,6,1,9,1
70,30,9,3,22,7,5,4,2,4,1
56,44,3,4,15,10,12,7,4,3,1
40,60,4,6,11,19,11,10,5,4,2
40,60,5,5,17,11,11,10,3,3,0
40,60,6,1,10,9,15,8,1,4,1
34,66,1,6,8,14,10,5,5,1,2
31,69,0,2,4,12,26,15,1,0,2
74,26,8,0,14,3,10,18,0,4,1
49,51,5,3,17,7,13,17,3,4,1
50,50,2,2,8,7,13,7,0,2,2
71,29,4,2,16,8,12,12,1,4,2
55,45,7,0,16,3,6,10,0,3,1
34,66,4,5,11,8,10,9,3,3,2
64,36,6,3,13,12,12,13,2,4,1
73,27,8,1,21,5,7,13,1,4,1
64,36,5,2,21,7,14,14,2,4,1
76,24,6,0,13,4,22,12,0,2,1
31,69,3,5,16,14,14,13,4,2,0
69,31,8,2,21,5,9,12,2,6,1
51,49,4,1,9,6,15,21,1,3,1
59,41,9,3,17,7,8,11,2,5,1
36,64,0,2,5,16,17,15,1,0,2
37,63,2,1,8,10,13,10,1,1,1
72,28,5,2,14,8,15,9,2,5,0
52,48,4,5,18,12,8,15,5,4,0
64,36,1,0,8,6,13,18,0,1,0
76,24,6,1,27,4,17,16,1,6,0
41,59,2,10,11,18,12,7,5,1,2
34,66,5,9,8,20,18,12,7,1,1
75,25,4,1,12,4,12,3,0,1,1
40,60,4,3,11,7,16,20,3,4,0
24,76,3,8,6,20,10,14,2,1,2
44,56,7,7,12,19,11,10,5,5,0
63,37,3,1,18,3,17,3,0,2,0
16,84,0,14,1,29,15,16,12,0,2
38,62,6,7,12,27,18,13,4,3,2
45,55,5,4,9,11,13,10,1,4,2
66,34,14,0,29,4,9,11,0,14,1
56,44,4,2,14,6,11,18,0,1,1
31,69,4,3,8,11,11,15,3,3,1
30,70,2,5,7,13,13,18,2,1,2
50,50,2,7,14,14,9,10,5,2,2
26,74,1,4,2,14,25,13,3,1,2
85,15,15,0,32,2,8,6,0,10,1
81,19,5,2,15,8,8,11,2,2,1
36,64,4,3,10,10,20,14,0,1,0
66,34,5,3,12,8,8,12,3,3,1
31,69,0,5,0,26,13,12,5,0,2
42,58,3,4,8,12,15,21,2,2,0
46,54,11,4,18,14,21,10,2,8,1
40,60,4,5,13,10,14,16,3,2,0
80,20,2,1,9,1,15,10,0,1,0
55,45,4,3,10,8,19,9,3,3,1
77,23,13,1,31,2,12,14,0,9,1
44,56,4,3,9,11,16,11,2,2,1
64,36,5,4,11,10,16,27,2,1,1
69,31,3,2,17,3,12,7,2,2,1
76,24,11,0,36,4,5,11,0,8,1
58,42,1,3,13,10,14,13,0,1,2
37,63,6,4,14,9,11,12,3,4,0
63,37,3,4,11,9,16,16,3,3,2
44,56,5,5,16,12,16,12,1,3,0
66,34,5,4,14,9,13,17,2,1,0
37,63,1,9,4,15,13,17,7,1,2
29,71,0,4,2,9,13,12,2,0,2
40,60,6,2,12,14,15,8,2,4,1
75,25,11,2,18,4,14,7,2,3,1
21,79,2,3,5,9,12,8,1,1,2
71,29,8,4,27,9,10,7,3,5,1
32,68,1,6,3,22,14,18,4,1,2
55,45,3,3,14,13,17,15,2,2,0
50,50,0,8,7,20,9,12,5,0,2
75,25,11,1,21,2,6,21,1,6,1
85,15,6,0,26,1,8,22,0,2,1
34,66,2,9,9,18,10,11,8,2,2
19,81,0,10,1,23,17,14,7,0,2
69,31,9,1,21,4,8,8,1,8,1
61,39,4,1,17,7,10,10,0,3,0
33,67,2,7,8,18,19,14,5,1,2
38,62,3,3,7,9,10,15,3,2,1
68,32,15,0,21,4,8,8,0,7,1
67,33,6,1,17,2,11,12,1,3,1
20,80,0,16,0,35,13,11,9,0,2
43,57,1,11,6,20,9,15,8,0,2
42,58,4,1,13,10,13,14,0,4,2
38,62,3,3,7,10,8,14,2,1,1
64,36,8,4,17,10,16,16,1,5,0
44,56,3,3,8,11,18,16,3,2,1
34,66,8,7,16,14,10,15,5,5,1
24,76,3,5,4,16,20,9,1,2,2
52,48,0,6,5,11,12,11,1,0,2
44,56,2,2,4,13,12,10,1,2,2
63,37,4,1,10,4,11,17,0,2,1
69,31,2,3,11,6,14,14,1,1,2
55,45,2,4,6,9,18,13,3,2,0
31,69,3,11,3,26,10,10,7,2,2
34,66,2,11,7,29,14,13,9,2,2
26,74,4,8,12,20,14,5,4,3,2
70,30,3,1,14,3,17,17,1,3,0
21,79,1,5,4,26,10,15,3,1,2
65,35,6,2,12,7,9,13,2,3,1
81,19,11,1,24,3,9,10,0,8,1
71,29,10,2,28,5,7,14,1,9,0
63,35,11,2,16,8,5,18,2,2,1
66,34,5,2,10,6,20,22,1,2,1
60,40,6,3,17,11,12,20,2,4,1
64,36,13,6,21,12,14,16,6,8,1
57,43,5,4,19,14,18,17,3,4,0
66,34,9,1,16,5,19,17,1,6,1
37,63,4,5,16,9,26,11,5,3,1
58,42,4,1,20,7,18,17,0,0,1
57,43,4,2,10,9,22,13,2,2,1
29,71,5,2,12,14,17,13,2,3,1
61,39,6,3,24,17,16,7,2,5,0
58,42,4,5,5,14,17,18,5,2,1
59,41,5,8,25,15,12,10,7,4,0
71,29,7,3,17,9,11,20,2,4,1
61,39,9,1,15,10,23,12,1,8,1
48,52,8,3,16,14,14,9,3,4,1
64,36,10,1,18,12,19,17,1,7,1
60,40,4,5,13,15,21,20,3,3,2
67,33,12,8,31,16,8,11,7,11,0
37,63,4,2,10,8,20,18,2,2,1
64,36,8,3,29,8,14,15,1,5,1
40,60,5,9,13,14,15,17,4,3,2
48,52,6,6,15,9,26,17,3,3,0
58,42,5,4,12,8,13,7,4,4,1
61,39,5,3,28,9,11,13,2,4,0
61,39,6,5,18,9,15,13,4,3,1
77,23,5,4,15,8,13,13,3,3,1
54,46,5,6,14,11,20,10,4,4,2
32,68,4,6,16,12,22,13,4,1,1
59,41,2,3,13,8,25,12,2,1,0
68,32,6,6,21,12,16,17,4,6,2
52,48,4,2,10,10,21,12,1,2,1
56,44,1,1,13,7,19,18,0,1,2
50,50,6,1,13,13,18,12,1,3,1
67,33,5,3,12,8,14,24,1,5,2
69,31,9,2,19,6,12,17,2,7,1
34,66,4,4,12,12,20,23,4,1,1
39,61,3,4,11,10,18,15,4,3,0
67,33,5,3,15,7,10,16,2,2,1
33,67,5,8,15,11,10,17,4,2,2
72,28,9,5,23,8,24,17,3,5,1
61,39,6,3,20,9,14,11,2,4,1
67,33,4,4,12,14,13,21,3,3,0
48,52,2,4,13,10,12,20,3,1,0
54,46,3,3,12,8,16,25,2,2,1
54,46,2,3,12,10,15,19,2,1,2
57,43,6,6,24,11,15,16,3,4,2
66,34,6,3,20,4,13,13,2,3,1
27,73,7,6,10,14,16,16,6,4,1
60,40,5,3,14,9,21,18,2,2,1
66,34,9,5,22,7,26,16,2,7,2
71,29,5,3,31,9,12,10,1,3,0
55,45,2,2,12,8,10,17,0,1,2
67,33,6,7,17,15,15,18,5,4,0
62,38,4,7,8,12,20,16,5,2,0
40,60,8,2,17,6,15,22,1,5,1
55,45,6,2,15,8,7,11,2,4,1
80,20,8,2,23,3,7,21,2,5,1
36,64,2,4,13,13,17,15,0,1,2
35,65,5,9,13,19,18,12,7,3,0
57,43,11,4,24,8,12,26,4,8,1
55,45,6,4,12,10,21,13,4,4,2
39,61,2,5,7,16,18,11,2,2,2
56,44,1,2,6,9,21,19,2,0,1
30,70,5,2,13,9,17,13,1,3,1
54,46,6,2,13,9,17,20,2,2,1
31,69,3,6,10,15,14,15,4,1,0
75,25,4,3,12,8,13,21,3,4,1
63,37,5,0,15,5,13,16,0,3,1
44,56,7,3,12,9,16,23,2,5,1
45,55,9,1,20,9,11,8,1,6,1
49,51,7,1,16,8,20,22,1,4,1
51,49,5,1,10,5,24,19,0,4,2
71,29,9,1,19,3,16,12,1,4,1
45,55,4,6,19,12,12,16,4,2,0
49,51,7,5,12,14,19,13,2,5,0
61,39,5,4,11,10,14,16,2,2,0
70,30,5,3,18,9,16,16,2,5,2
69,31,7,2,17,10,16,12,1,5,1
34,66,2,5,13,14,14,16,3,2,2
63,37,3,1,20,5,15,9,1,3,0
37,63,3,2,7,8,20,22,1,1,1
43,57,3,12,5,21,19,15,9,2,2
46,54,5,2,13,10,23,22,2,1,1
32,68,12,1,20,8,12,21,1,7,1
61,39,6,3,23,10,18,9,3,6,1
69,31,9,2,24,8,8,11,2,6,1
46,54,5,0,10,9,22,23,0,2,1
60,40,3,5,10,10,14,14,4,0,1
39,61,2,4,7,14,11,17,2,2,2
74,26,7,1,21,2,13,9,1,6,1
44,56,5,3,6,11,17,14,2,3,1
31,69,4,7,19,11,16,11,3,3,2
40,60,2,1,8,6,27,17,1,1,1
47,53,5,5,10,12,11,16,3,2,0
47,53,5,6,10,15,19,10,6,2,1
57,43,1,3,7,8,16,16,1,1,2
70,30,9,5,24,16,16,17,5,6,1
67,33,7,0,23,2,16,26,0,4,1
58,42,3,4,20,12,21,15,3,1,1
41,59,5,6,14,12,20,20,6,5,0
73,27,3,4,10,10,12,13,2,3,2
20,80,2,3,8,10,15,14,3,2,0
75,25,9,1,16,6,17,17,1,7,1
63,37,6,2,11,7,15,11,1,4,1
45,55,4,1,19,10,17,5,1,3,1
48,52,4,3,10,13,12,15,2,3,0
62,38,3,6,10,16,15,12,5,2,2
76,24,6,2,21,7,15,15,1,6,0
48,52,3,1,11,9,16,13,0,2,2
38,62,1,13,9,20,20,9,11,1,0
48,52,3,3,14,12,13,16,3,3,0
66,34,6,1,22,2,14,20,1,6,0
51,49,4,4,10,11,14,19,3,2,1
67,33,8,4,13,10,16,15,2,6,2
61,39,8,1,15,8,25,19,1,5,1
55,45,3,7,9,13,23,17,4,2,2
58,42,4,5,16,11,16,21,4,4,2
66,34,1,5,9,9,17,16,4,1,0
56,44,13,2,22,6,9,8,2,9,1
60,40,6,4,12,10,16,16,2,4,0
51,49,2,3,9,6,13,20,2,0,1
58,42,2,0,8,4,14,19,0,1,1
58,42,6,3,8,11,21,13,3,3,1
69,31,9,1,20,3,13,8,1,5,1
57,43,3,3,10,16,15,11,1,2,2
51,49,7,2,17,6,12,11,0,3,1
33,67,2,3,10,8,17,14,2,2,2
34,66,6,9,7,13,22,15,5,4,2
46,54,3,4,6,10,16,18,2,1,0
38,62,6,6,18,12,12,10,3,4,2
68,32,5,2,15,6,11,16,1,4,0
63,37,2,4,11,6,17,18,1,2,2
49,51,5,4,10,8,13,16,4,3,1
74,26,3,1,11,4,13,12,1,2,1
53,47,9,2,14,10,17,17,1,3,1
35,65,5,1,14,11,10,6,0,3,1
76,24,5,2,18,7,12,13,0,3,0
41,59,0,4,5,6,16,12,2,0,2
53,47,1,3,10,13,17,14,1,1,2
53,47,7,6,18,11,14,11,5,5,1
57,43,2,4,12,7,11,10,4,2,0
54,46,7,1,16,7,17,15,0,6,0
49,51,2,4,12,11,13,18,1,2,2
66,34,7,0,16,3,12,16,0,5,1
69,31,5,3,15,8,10,17,1,4,2
44,56,4,3,14,7,10,19,3,4,0
48,52,5,8,12,15,27,18,6,3,0
50,50,3,4,10,13,20,10,2,3,2
77,23,9,1,29,8,14,12,0,6,0
35,65,1,4,7,13,15,18,3,1,2
64,36,6,2,17,5,10,18,2,5,1
68,32,3,2,13,5,18,18,0,3,2
39,61,4,3,8,7,21,6,3,3,1
66,34,6,5,18,8,16,6,3,3,1
68,32,2,2,15,5,10,30,1,1,0
48,52,5,1,11,8,13,26,1,1,1
48,52,3,2,3,10,15,12,1,1,1
63,37,8,0,13,4,12,23,0,2,1
65,35,4,4,14,7,30,18,3,2,1
40,60,4,3,16,11,9,12,2,1,1
48,52,2,6,8,16,15,13,3,2,2
65,35,2,3,10,8,16,16,3,2,0
69,31,2,2,6,11,23,21,1,1,0
36,64,2,2,8,9,12,21,2,1,1
50,50,7,7,19,14,8,18,2,6,2
65,35,7,5,17,12,18,19,3,6,2
43,57,5,4,9,18,8,18,3,3,0
72,28,8,3,22,8,18,13,1,7,2
45,55,2,5,9,7,13,15,3,1,0
59,41,5,0,12,4,16,10,0,4,1
45,55,1,3,9,10,20,18,3,1,0
77,23,6,5,14,10,10,18,4,6,2
54,46,3,0,20,2,12,23,0,3,0
39,61,4,5,7,15,22,5,4,1,1
47,53,2,2,7,6,15,16,2,2,0
44,56,3,2,5,8,16,23,2,1,1
49,51,4,1,11,12,13,12,1,3,1
53,47,1,6,6,15,17,13,2,0,2
52,48,1,11,5,20,15,13,9,0,2
42,58,2,8,5,12,21,13,6,2,2
73,27,9,0,20,2,18,12,0,6,1
56,44,6,2,17,8,10,19,1,4,1
72,28,3,2,13,5,12,24,1,3,2
46,54,2,6,10,11,26,26,5,1,0
48,52,9,3,19,5,15,21,1,7,0
45,55,1,2,6,16,30,11,2,1,0
58,42,4,4,12,12,12,23,3,2,1
58,42,1,6,7,8,24,23,4,1,2
71,29,5,3,18,6,9,10,3,5,0
61,39,1,4,2,6,9,12,3,0,0
64,36,7,4,21,5,11,10,3,6,0
50,50,9,0,18,6,21,19,0,5,1
58,42,5,5,14,11,15,16,4,3,1
45,55,7,1,12,13,20,17,0,5,1
55,45,4,5,11,11,21,18,4,4,2
45,55,6,7,9,10,26,21,5,4,2
35,65,7,7,10,16,21,11,6,4,1
70,30,7,4,12,7,9,17,3,4,1
55,45,9,5,18,6,17,17,4,9,0
58,42,4,5,7,8,21,16,4,3,2
56,44,7,6,11,14,28,22,5,6,1
49,51,9,8,17,13,14,6,1,4,2
53,47,4,3,8,7,16,20,2,2,1
42,58,2,6,6,11,14,21,5,0,1
45,55,5,4,11,17,19,22,4,4,0
51,49,3,8,8,18,20,21,7,3,0
41,59,3,3,9,6,20,17,1,3,2
67,33,6,5,11,9,14,18,3,6,2
54,46,4,5,13,13,14,15,5,2,1
50,50,3,6,6,15,19,10,5,3,2
44,56,12,5,19,12,17,16,5,11,1
54,46,12,6,23,9,9,13,3,10,2
57,43,4,7,11,9,21,19,4,3,2
57,43,11,3,24,4,11,11,0,13,1
54,46,6,8,12,12,8,16,5,6,2
56,44,6,4,14,16,13,11,4,5,1
46,54,1,6,6,25,10,8,7,1,0
60,40,4,8,8,19,13,14,6,4,1
43,57,4,11,10,19,14,22,8,7,2
53,47,5,5,8,7,22,19,4,6,1
42,58,2,9,10,22,27,19,8,4,2
55,45,11,3,22,9,23,11,6,10,1
52,48,3,4,10,10,13,16,1,3,2
48,52,13,8,18,21,8,20,7,15,1
59,41,7,3,21,11,17,17,5,6,1
49,51,6,3,12,7,16,18,5,8,0
52,48,8,4,19,8,18,19,4,6,1
50,50,11,3,19,6,9,12,5,9,1
45,55,2,10,6,20,15,11,4,4,0
49,51,10,3,23,8,20,14,5,8,1
54,46,6,4,19,13,12,22,4,4,1
67,33,8,3,26,9,15,16,3,6,1
52,48,13,4,21,18,18,15,5,10,1
50,50,10,2,13,6,12,19,8,5,1
50,50,8,9,11,18,22,16,6,7,1
55,45,6,1,14,10,17,19,5,13,0
63,37,9,3,19,8,18,17,4,7,1
47,53,7,9,17,20,12,20,9,9,2
54,46,4,3,11,10,13,22,2,3,0
51,49,4,5,14,18,18,19,7,9,0
53,47,6,4,18,14,9,23,6,5,1
52,48,7,3,17,6,20,10,3,4,0
63,37,13,2,29,4,14,20,2,9,1
51,49,6,9,11,16,19,25,5,3,1
51,49,5,10,10,18,18,13,14,11,2
49,51,2,16,9,28,21,20,8,0,2
64,36,10,3,26,5,10,20,3,11,1
50,50,6,7,15,15,13,18,7,4,2
46,54,3,9,9,18,20,17,4,6,2
55,45,7,3,13,10,16,20,3,9,1
46,54,5,7,12,18,19,11,8,2,0
54,46,12,8,20,17,18,21,7,12,0
50,50,6,6,13,15,22,15,7,5,1
64,36,17,4,29,10,13,19,1,7,1
50,50,3,2,12,12,20,16,6,6,0
49,51,7,7,13,18,17,16,5,11,2
45,55,3,4,9,10,30,15,7,3,1
46,54,6,7,12,15,17,21,7,5,0
37,63,3,16,9,24,9,5,12,4,2
37,63,3,14,8,22,21,21,17,6,2
56,44,5,3,7,10,17,24,5,7,1
51,49,5,7,12,17,7,19,7,6,1
37,63,1,12,8,20,20,11,16,3,2
47,53,7,5,17,13,23,30,4,6,0
59,41,9,4,14,15,14,24,4,4,1
51,49,4,4,10,13,13,22,3,4,1
51,49,6,8,11,25,9,12,6,5,1
42,58,7,4,12,10,17,24,7,5,1
51,49,5,2,14,16,22,18,6,8,0
51,49,10,9,13,22,16,22,7,7,1
56,44,5,7,10,10,28,22,5,4,2
42,58,6,11,18,18,19,19,10,3,2
49,51,7,15,13,26,18,10,12,9,0
44,56,5,5,13,15,19,17,5,5,2
48,52,5,10,16,17,14,15,8,7,1
51,49,2,7,6,14,15,24,6,1,0
51,49,6,3,11,6,16,10,4,6,2
42,58,5,5,9,14,17,13,2,2,0
44,56,3,3,7,20,13,20,6,6,0
49,51,4,2,17,6,14,11,2,2,1
65,35,7,1,20,12,7,8,1,6,1
57,43,6,4,18,12,12,14,3,5,0
48,52,2,3,10,7,17,11,2,2,2
50,50,2,1,14,15,10,16,0,2,2
56,44,9,2,17,11,10,18,2,5,1
65,35,6,3,19,11,13,21,3,5,1
42,58,2,2,3,9,20,29,2,1,1
57,43,5,1,10,7,15,14,0,4,0
49,51,2,2,10,14,17,15,1,1,0
44,56,2,1,8,7,17,14,1,2,0
63,37,10,3,26,11,9,10,2,8,1
43,57,2,5,7,20,15,21,4,2,2
63,37,8,3,24,8,8,21,1,7,2
50,50,3,6,10,19,14,10,3,3,2
56,44,11,2,22,13,19,19,1,7,1
56,44,11,4,27,10,13,15,3,8,1
53,47,4,5,13,12,23,25,3,4,2
51,49,4,3,15,9,19,10,0,3,2
48,52,4,6,7,14,15,18,4,2,0
47,53,6,1,15,11,13,13,1,6,0
61,39,5,3,9,10,18,11,3,4,1
50,50,6,5,22,8,22,18,4,4,0
54,46,8,6,23,13,9,12,3,6,2
51,49,1,5,6,11,14,18,3,1,2
57,43,7,1,23,3,11,25,0,5,0
56,44,6,4,12,10,17,23,3,3,1
45,55,8,5,14,15,12,12,3,6,1
51,49,6,6,20,16,11,19,4,5,2
55,45,13,4,26,15,18,3,4,4,1
58,42,7,1,20,7,19,26,1,6,1
57,43,7,0,22,9,9,19,0,3,1
50,50,4,10,10,21,10,12,7,3,2
59,41,2,5,11,15,20,13,4,2,2
33,67,3,12,7,22,15,8,9,0,2
45,55,4,8,11,16,22,12,6,2,0
45,55,6,8,13,13,19,20,6,6,2
51,49,10,4,22,19,11,21,4,9,1
45,55,7,6,17,23,25,10,5,5,1
45,55,5,6,17,13,11,5,6,3,2
58,42,5,0,17,4,13,19,0,5,0
50,50,4,6,12,16,20,17,3,1,1
51,49,3,8,15,15,18,15,5,2,2
56,44,7,10,19,15,23,10,7,5,2
39,61,4,15,8,28,13,16,9,4,2
39,61,3,5,13,19,11,18,5,3,0
41,59,4,3,9,9,21,13,1,3,2
56,44,5,2,17,8,12,17,2,5,0
48,52,7,9,17,19,7,6,6,2,1
51,49,6,6,11,16,11,26,3,3,1
52,48,9,3,16,12,17,19,2,7,1
50,50,6,3,17,15,14,18,2,3,1
58,42,6,6,18,16,26,29,4,6,0
61,39,10,3,19,9,13,18,3,9,1
51,49,5,4,11,15,20,20,3,3,1
48,52,7,10,19,30,23,23,4,7,0
53,47,7,6,20,18,20,14,2,7,2
40,60,4,6,9,16,25,12,2,3,2
43,57,5,6,13,19,28,19,5,5,2
47,53,6,7,12,11,15,16,4,4,2
49,51,2,5,5,13,9,7,4,2,2
47,53,7,7,16,18,13,11,4,4,2
58,42,9,4,14,10,5,21,3,3,1
58,42,5,4,9,10,11,12,1,3,1
57,43,6,11,9,13,5,18,5,3,2
62,38,9,6,11,13,9,18,3,2,1
46,54,8,7,12,12,19,14,4,3,1
54,46,5,4,9,12,20,18,1,2,2
48,52,8,5,18,12,8,12,1,4,2
57,43,10,4,20,7,12,13,2,4,1
56,44,12,6,18,10,9,15,3,5,1
63,37,10,2,20,4,13,14,1,2,1
55,45,5,11,11,16,10,14,5,3,1
54,43,9,9,13,14,8,11,4,2,1
37,63,3,6,7,10,18,16,4,1,0
59,41,8,7,21,8,10,12,3,4,2
65,35,10,1,16,3,21,18,0,6,1
53,47,8,3,14,13,13,18,2,6,0
48,52,10,6,16,10,15,7,4,4,0
48,52,8,14,10,15,18,25,7,2,2
56,44,9,4,15,7,14,15,2,6,2
49,51,7,14,18,21,11,9,6,1,2
45,55,8,12,11,15,11,14,4,4,1
38,62,6,8,10,13,17,12,5,3,1
68,32,11,5,16,9,23,18,4,5,0
58,42,6,6,10,10,10,24,4,4,2
57,43,8,16,17,22,12,16,8,3,2
49,51,9,5,16,8,15,17,2,4,2
70,30,9,4,19,8,8,14,3,4,1
59,41,6,10,11,20,11,17,5,2,0
46,54,13,10,20,18,9,7,7,9,1
53,47,6,6,11,13,13,9,3,1,1
54,46,6,8,9,15,13,16,1,2,2
48,52,10,9,15,20,11,14,4,2,0
49,51,13,5,23,13,28,23,1,6,0
51,49,4,4,9,16,19,17,4,2,1
45,55,0,8,4,11,14,9,2,0,2
36,64,8,1,13,7,26,14,1,3,1
46,54,6,18,12,19,14,19,6,0,2
55,45,5,7,10,12,18,12,1,1,2
47,53,3,3,4,8,17,17,1,2,0
55,45,5,9,9,14,19,20,4,1,2
46,54,5,9,13,13,13,23,3,2,1
56,44,13,9,23,13,10,19,0,6,2
62,38,9,5,13,7,20,17,1,3,1
43,57,7,13,12,18,17,6,9,1,2
40,60,7,13,11,20,17,6,9,2,0
61,39,6,13,13,16,17,18,7,3,2
54,46,10,6,19,18,21,16,3,6,1
37,63,1,9,4,13,15,9,5,0,2
47,53,6,7,8,10,15,14,4,5,0
51,49,12,11,18,16,16,11,7,6,2
50,50,9,6,13,8,15,18,2,5,2
51,49,6,5,12,11,31,23,0,3,1
55,45,8,7,14,12,8,12,5,2,1
43,57,2,13,6,24,23,16,7,0,0
51,49,7,4,10,10,11,14,1,1,1
64,36,15,3,20,6,15,13,1,7,0
53,47,5,2,13,9,12,15,2,4,1
70,30,22,7,29,11,11,20,3,10,1
61,39,22,7,29,14,19,28,4,8,1
48,52,26,9,38,14,27,11,4,15,1
51,49,13,12,18,14,11,14,3,7,2
53,47,4,5,7,8,15,10,4,1,0
58,42,5,5,11,8,16,20,1,2,2
64,36,5,0,10,10,20,16,1,4,1
41,59,7,0,13,6,22,10,0,2,1
43,58,3,4,8,14,12,6,3,3,2
63,37,3,2,13,8,22,14,2,2,2
38,62,3,5,8,12,12,10,2,0,0
51,49,5,1,13,4,16,19,1,4,1
73,27,7,3,26,9,10,15,1,6,0
52,48,6,3,17,10,10,18,2,6,2
53,47,2,2,11,14,20,16,2,1,1
50,50,3,3,10,10,18,15,2,3,2
61,39,9,4,25,12,10,15,3,9,2
54,46,4,2,20,6,12,19,1,3,0
52,48,5,0,15,5,20,23,0,3,1
60,40,6,2,15,6,17,18,2,3,1
40,60,1,7,6,17,14,8,5,0,2
42,58,3,6,8,14,15,9,4,2,2
59,41,4,2,10,8,8,15,1,3,2
46,54,3,1,11,13,11,10,0,1,1
46,54,2,4,10,16,19,23,4,1,1
47,53,4,3,13,8,10,13,3,3,1
32,68,0,3,5,17,14,14,2,0,2
48,52,5,5,10,14,7,5,4,5,0
44,56,4,2,12,10,12,14,2,3,1
58,42,3,5,10,15,15,23,2,3,2
69,31,9,0,23,4,11,11,0,7,1
56,44,4,3,16,10,9,10,3,2,1
42,58,3,5,12,20,17,12,3,2,2
52,48,12,5,23,15,12,13,3,6,1
42,58,6,5,17,13,24,7,3,5,2
71,29,5,6,16,8,12,13,4,4,1
57,43,7,2,12,8,14,13,1,1,1
53,47,3,7,7,13,8,14,5,1,0
45,55,2,3,9,13,15,10,0,2,2
41,59,4,4,9,9,21,15,1,0,1
39,61,3,5,6,20,13,13,4,1,1
62,38,7,1,22,8,7,16,0,5,1
56,44,7,1,17,3,17,18,1,5,1
33,67,2,4,8,14,16,10,3,1,0
69,31,4,3,16,6,5,17,1,2,0
53,47,2,3,14,4,13,12,1,2,2
38,62,1,4,5,11,10,10,4,1,0
41,59,6,2,17,13,10,12,0,5,2
35,65,3,4,9,8,20,15,2,2,2
65,35,3,5,19,13,14,11,3,3,2
30,70,5,6,11,26,16,7,6,3,1
44,56,1,6,10,13,13,7,4,1,2
60,40,3,6,12,14,9,14,5,1,0
54,46,3,2,10,11,11,8,1,3,2
44,56,3,2,8,4,15,15,1,3,2
48,52,1,4,13,15,11,14,3,1,2
36,64,4,7,9,15,18,19,5,4,2
43,57,4,2,11,11,16,15,0,4,2
57,43,9,3,26,8,14,16,2,9,2
74,26,9,1,25,6,5,19,0,9,0
53,47,7,3,22,15,5,19,2,7,0
46,54,10,1,21,13,6,18,1,8,1
56,44,8,4,24,11,13,9,2,5,1
36,64,3,4,12,18,11,13,4,2,1
48,52,4,2,14,16,23,13,1,3,0
43,57,3,2,7,12,10,7,0,3,2
36,64,7,3,13,17,25,18,1,5,0
39,61,6,3,8,15,14,13,1,3,1
40,60,5,3,19,9,6,16,3,4,1
54,46,7,1,22,11,23,14,0,5,1
43,57,4,5,12,15,11,5,5,2,1
60,40,7,2,16,4,15,16,2,5,1
67,33,7,1,21,5,10,14,1,6,1
26,74,4,3,6,9,7,10,3,2,1
37,63,1,9,3,17,19,9,6,0,2
68,32,2,1,6,7,22,19,1,1,1
65,35,5,2,19,9,19,17,1,2,1
29,71,0,9,1,22,10,6,5,0,2
